imagename,PlotID,Count,Area,Length,Width,AverageB,AverageG,AverageR
148,94625,149,865.9727891156463,38.48737406244754,28.732384122934384,86.09275717186524,124.7964962706436,161.04922621251245
185,5804,186,866.25,35.95548274497889,30.626016816897046,132.86388362387822,167.59340938698875,191.57222843313005
111,4659,112,916.5363636363636,36.75021451903133,31.83182630259626,62.99379471211098,73.7955359268926,110.86662516521305
